Code;Libellé;"09.06.2024 : Initiative d’allègement des primes - Proportion de ""oui"""
1;Aeugst am Albis;29.2
10;Obfelden;36.5
100;Stadel;32
1001;Doppleschwand;24.avr
1002;Entlebuch;19.janv
1004;Flühli;24.mars
1005;Hasle (LU);27.mai
1007;Romoos;33.9
1008;Schüpfheim;24.août
1009;Werthenstein;29.mai
101;Steinmaur;33.6
1010;Escholzmatt-Marbach;25.août
102;Weiach;34.7
1021;Aesch (LU);26.avr
1023;Ballwil;27.mars
1024;Emmen;39.6
1025;Ermensee;31.4
1026;Eschenbach (LU);31.2
1030;Hitzkirch;29.sept
1031;Hochdorf;29.mai
1032;Hohenrain;25
1033;Inwil;28.mars
1037;Rain;19.sept
1039;Römerswil;29.2
1040;Rothenburg;31.mai
1041;Schongau;27.mai
1051;Adligenswil;30.avr
1052;Buchrain;29.mai
1053;Dierikon;36.4
1054;Ebikon;36.2
1055;Gisikon;30.janv
1056;Greppen;28.juin
1057;Honau;30.avr
1058;Horw;32.1
1059;Kriens;39.1
1061;Luzern;43.6
1062;Malters;30.2
1063;Meggen;23.sept
1064;Meierskappel;22.août
1065;Root;32.4
1066;Schwarzenberg;21.févr
1067;Udligenswil;28.avr
1068;Vitznau;36.9
1069;Weggis;28.avr
1081;Beromünster;27.janv
1082;Büron;29.sept
1083;Buttisholz;26.juin
1084;Eich;21.mai
1085;Geuensee;35.5
1086;Grosswangen;25.mars
1088;Hildisrieden;23.mai
1089;Knutwil;25.sept
1091;Mauensee;33.5
1093;Neuenkirch;31.août
1094;Nottwil;27.mai
1095;Oberkirch;26.sept
1097;Rickenbach (LU);31.mai
1098;Ruswil;26.juin
1099;Schenkon;21
11;Ottenbach;33.2
1100;Schlierbach;26.févr
1102;Sempach;24.mai
1103;Sursee;34.3
1104;Triengen;29.janv
1107;Wolhusen;30
111;Bäretswil;32.1
112;Bubikon;33.8
1121;Alberswil;35.2
1122;Altbüron;31
1123;Altishofen;25.juil
1125;Dagmersellen;28.févr
1127;Egolzwil;25.avr
1128;Ettiswil;29.mai
1129;Fischbach;24.juil
113;Dürnten;35.8
1131;Grossdietwil;33
1132;Hergiswil bei Willisau;25.juin
1135;Luthern;29.janv
1136;Menznau;25.févr
1137;Nebikon;29.janv
1139;Pfaffnau;34
114;Fischenthal;35.6
1140;Reiden;34.3
1142;Roggliswil;34.7
1143;Schötz;28.févr
1145;Ufhusen;30.sept
1146;Wauwil;31.juil
1147;Wikon;35
115;Gossau (ZH);30.juil
1150;Zell (LU);31.août
1151;Willisau;30.juin
116;Grüningen;36
117;Hinwil;35.8
118;Rüti (ZH);40.4
119;Seegräben;31.juil
12;Rifferswil;56.6
120;Wald (ZH);41.6
1201;Altdorf (UR);27.juil
1202;Andermatt;29.2
1203;Attinghausen;27.sept
1205;Bürglen (UR);27.sept
1206;Erstfeld;39.1
1207;Flüelen;29.juil
1208;Göschenen;35.7
1209;Gurtnellen;31.4
121;Wetzikon (ZH);39.9
1210;Hospental;31
1211;Isenthal;33.3
1212;Realp;34.3
1213;Schattdorf;29.sept
1214;Seedorf (UR);27.févr
1215;Seelisberg;29.juin
1216;Silenen;33.2
1217;Sisikon;32.2
1218;Spiringen;23.août
1219;Unterschächen;20
1220;Wassen;41.8
13;Stallikon;31.juil
1301;Einsiedeln;26.août
131;Adliswil;38.6
1311;Gersau;31
1321;Feusisberg;21.févr
1322;Freienbach;25.avr
1323;Wollerau;19
1331;Küssnacht (SZ);26.janv
1341;Altendorf;23.sept
1342;Galgenen;30.juin
1343;Innerthal;38.8
1344;Lachen;29.juin
1345;Reichenburg;35.6
1346;Schübelbach;34.2
1347;Tuggen;29.mars
1348;Vorderthal;32.4
1349;Wangen (SZ);31.9
135;Kilchberg (ZH);23.janv
136;Langnau am Albis;30.mai
1361;Alpthal;23.mai
1362;Arth;30.2
1363;Illgau;24
1364;Ingenbohl;31.janv
1365;Lauerz;29.mars
1366;Morschach;31.mai
1367;Muotathal;24.janv
1368;Oberiberg;24.févr
1369;Riemenstalden;29.2
137;Oberrieden;31.2
1370;Rothenthurm;21.août
1371;Sattel;23
1372;Schwyz;30.août
1373;Steinen;30.août
1374;Steinerberg;26.mai
1375;Unteriberg;25.avr
138;Richterswil;33.5
139;Rüschlikon;24.mars
14;Wettswil am Albis;24.févr
1401;Alpnach;25.mai
1402;Engelberg;24.janv
1403;Giswil;27.mars
1404;Kerns;23.août
1405;Lungern;18
1406;Sachseln;21.août
1407;Sarnen;23.mars
141;Thalwil;31.mai
1501;Beckenried;25.févr
1502;Buochs;25
1503;Dallenwil;26.juin
1504;Emmetten;31.août
1505;Ennetbürgen;22.juin
1506;Ennetmoos;27.mai
1507;Hergiswil (NW);19.août
1508;Oberdorf (NW);26.févr
1509;Stans;31.janv
151;Erlenbach (ZH);22.mars
1510;Stansstad;27.févr
1511;Wolfenschiessen;24.janv
152;Herrliberg;20.juil
153;Hombrechtikon;36.1
154;Küsnacht (ZH);22.mars
155;Männedorf;31.9
156;Meilen;25.avr
157;Oetwil am See;38.9
158;Stäfa;33.5
159;Uetikon am See;30.juin
160;Zumikon;20.janv
161;Zollikon;23.sept
1630;Glarus Nord;34.3
1631;Glarus Süd;37.8
1632;Glarus;37.1
1701;Baar;29.janv
1702;Cham;29
1703;Hünenberg;24.mars
1704;Menzingen;26.févr
1705;Neuheim;22.sept
1706;Oberägeri;24.janv
1707;Risch;25.juil
1708;Steinhausen;29.avr
1709;Unterägeri;27.sept
1710;Walchwil;22.janv
1711;Zug;28.août
172;Fehraltorf;32.9
173;Hittnau;35.3
176;Lindau;31.9
177;Pfäffikon;35.7
178;Russikon;28.févr
180;Weisslingen;29.mars
181;Wila;37.7
182;Wildberg;27.sept
191;Dübendorf;37.3
192;Egg;34.4
193;Fällanden;34.3
194;Greifensee;38.4
195;Maur;27.mars
196;Mönchaltorf;36.3
197;Schwerzenbach;31.juil
198;Uster;38.6
199;Volketswil;35.7
2;Affoltern am Albis;35.2
200;Wangen-Brüttisellen;30.mars
2008;Châtillon (FR);59.8
2011;Cugy (FR);55.2
2016;Fétigny;61.3
2022;Gletterens;62.5
2025;Lully (FR);63.4
2027;Ménières;54.4
2029;Montagny (FR);59.7
2035;Nuvilly;58.6
2038;Prévondavaux;71.4
2041;Saint-Aubin (FR);49.7
2043;Sévaz;66.3
2044;Surpierre;66.9
2045;Vallon;65.2
2050;Les Montets;59.8
2051;Delley-Portalban;56.6
2053;Belmont-Broye;59.7
2054;Estavayer;60.2
2055;Cheyres-Châbles;62
2061;Auboranges;58.6
2063;Billens-Hennens;59.5
2066;Chapelle (Glâne);50
2067;Le Châtelard;57
2068;Châtonnaye;60.3
2072;Ecublens (FR);62.2
2079;Grangettes;60.6
2086;Massonnens;56.2
2087;Mézières (FR);59.1
2089;Montet (Glâne);55.7
2096;Romont (FR);60
2097;Rue;65.6
2099;Siviriez;58
2102;Ursy;59.6
211;Altikon;32.5
2113;Vuisternens-devant-Romont;62
2114;Villorsonnens;58
2115;Torny;48.9
2117;Villaz;60.5
2121;Haut-Intyamon;57.3
2122;Pont-en-Ogoz;55.1
2123;Botterens;61.8
2124;Broc;63.5
2125;Bulle;59.7
2128;Châtel-sur-Montsalvens;59.9
2129;Corbières;60.1
213;Brütten;20.avr
2130;Crésuz;54.2
2131;Echarlens;56.7
2134;Grandvillard;56.6
2135;Gruyères;59
2137;Hauteville;46.6
2138;Jaun;42.5
214;Dägerlen;31.mai
2140;Marsens;55.5
2143;Morlon;53.1
2145;Le Pâquier (FR);58.4
2147;Pont-la-Ville;55
2148;Riaz;57.4
2149;La Roche;54.5
215;Dättlikon;27.mai
2152;Sâles;57.6
2153;Sorens;56
2155;Vaulruz;53.5
216;Dinhard;28.juil
2160;Vuadens;57.9
2162;Bas-Intyamon;59.9
2163;Val-de-Charmey;52.7
2173;Autigny;60.2
2174;Avry;56.4
2175;Belfaux;60.6
2177;Chénens;61.9
218;Ellikon an der Thur;33.8
2183;Corminboeuf;54.9
2186;Cottens (FR);55.7
219;Elsau;36.3
2194;Ferpicloz;55.4
2196;Fribourg;64.7
2197;Givisiez;58.6
2198;Granges-Paccot;62.1
22;Benken (ZH);27.juil
220;Hagenbuch;34.2
2200;Grolley;59.8
2206;Marly;60.4
2208;Matran;55.2
221;Hettlingen;26.mars
2211;Neyruz (FR);58.8
2216;Pierrafortscha;50.9
2217;Ponthaux;57.6
2220;Le Mouret;66.3
2226;Treyvaux;56.5
2228;Villars-sur-Glâne;60.5
223;Neftenbach;30.juil
2230;Villarsel-sur-Marly;71
2233;Hauterive (FR);59.8
2234;La Brillaz;54.5
2235;La Sonnaz;52.4
2236;Gibloux;61.4
2237;Prez;66.4
2238;Bois-d'Amont;58.6
224;Pfungen;37.7
225;Rickenbach (ZH);33.6
2250;Courgevaux;45.8
2254;Courtepin;57.1
2257;Cressier (FR);51.3
2258;Fräschels;36.6
226;Schlatt (ZH);37.9
2261;Greng;23.avr
2262;Gurmels;42.9
2265;Kerzers;40.3
2266;Kleinbösingen;39
227;Seuzach;28
2271;Meyriez;30.2
2272;Misery-Courtion;61.3
2274;Muntelier;32.6
2275;Murten;39.8
2276;Ried bei Kerzers;40.5
2278;Ulmiz;31.2
228;Turbenthal;39.3
2284;Mont-Vully;46.9
2292;Brünisried;35.2
2293;Düdingen;41.4
2294;Giffers;46
2295;Bösingen;37.9
2296;Heitenried;41.1
2299;Plaffeien;46.3
23;Berg am Irchel;26.janv
230;Winterthur;46.3
2300;Plasselb;58.4
2301;Rechthalten;43.7
2303;St. Silvester;49.8
2304;St. Ursen;38.4
2305;Schmitten (FR);41.2
2306;Tafers;33.6
2307;Tentlingen;52.6
2308;Ueberstorf;40.3
2309;Wünnewil-Flamatt;45
231;Zell (ZH);40.7
2321;Attalens;57.2
2323;Bossonnens;63.3
2325;Châtel-Saint-Denis;58.2
2328;Granges (Veveyse);57.8
2333;Remaufens;57.8
2335;Saint-Martin (FR);60.7
2336;Semsales;58.1
2337;Le Flon;71.6
2338;La Verrerie;53.6
24;Buch am Irchel;19.juil
2401;Egerkingen;43.1
2402;Härkingen;35.8
2403;Kestenholz;31
2404;Neuendorf;37.2
2405;Niederbuchsiten;40.4
2406;Oberbuchsiten;36.4
2407;Oensingen;42
2408;Wolfwil;36.9
241;Aesch (ZH);21.mars
242;Birmensdorf (ZH);30.mars
2421;Aedermannsdorf;37.6
2422;Balsthal;39.6
2424;Herbetswil;41.3
2425;Holderbank (SO);48.6
2426;Laupersdorf;36.9
2427;Matzendorf;39.6
2428;Mümliswil-Ramiswil;40.3
243;Dietikon;42.2
2430;Welschenrohr-Gänsbrunnen;43.1
244;Geroldswil;30
2445;Biezwil;39.1
245;Oberengstringen;36.7
2455;Lüterkofen-Ichertswil;35.5
2457;Messen;39.8
246;Oetwil an der Limmat;26.janv
2461;Schnottwil;38.2
2463;Unterramsern;18.juil
2464;Lüsslingen-Nennigkofen;48.1
2465;Buchegg;36.5
247;Schlieren;42.2
2471;Bättwil;44.4
2472;Büren (SO);42.5
2473;Dornach;43.1
2474;Gempen;49.8
2475;Hochwald;48.7
2476;Hofstetten-Flüh;36.7
2477;Metzerlen-Mariastein;42
2478;Nuglar-St. Pantaleon;46.6
2479;Rodersdorf;52.1
248;Uitikon;18.mars
2480;Seewen;41.6
2481;Witterswil;41.3
249;Unterengstringen;26.janv
2491;Hauenstein-Ifenthal;39.1
2492;Kienberg;48
2493;Lostorf;39.5
2495;Niedergösgen;38.8
2497;Obergösgen;46.1
2499;Stüsslingen;39.1
25;Dachsen;34.4
250;Urdorf;37
2500;Trimbach;52.1
2501;Winznau;38.1
2502;Wisen (SO);43.5
2503;Erlinsbach (SO);39.3
251;Weiningen (ZH);32.9
2511;Aeschi (SO);41
2513;Biberist;46.5
2514;Bolken;41
2516;Deitingen;38.6
2517;Derendingen;51.4
2518;Etziken;40.3
2519;Gerlafingen;53
2520;Halten;41
2523;Horriwil;41.3
2524;Hüniken;34.8
2525;Kriegstetten;39.4
2526;Lohn-Ammannsegg;32.8
2527;Luterbach;47.4
2528;Obergerlafingen;48.5
2529;Oekingen;39
2530;Recherswil;48.9
2532;Subingen;43.7
2534;Zuchwil;46.9
2535;Drei Höfe;39
2541;Balm bei Günsberg;39
2542;Bellach;41.8
2543;Bettlach;40.3
2544;Feldbrunnen-St. Niklaus;18.mars
2545;Flumenthal;38
2546;Grenchen;48
2547;Günsberg;40.5
2548;Hubersdorf;35.5
2549;Kammersrohr;15.août
2550;Langendorf;42.8
2551;Lommiswil;38.2
2553;Oberdorf (SO);36.8
2554;Riedholz;34.7
2555;Rüttenen;45.6
2556;Selzach;42.3
2571;Boningen;50.8
2572;Däniken;40
2573;Dulliken;50.7
2574;Eppenberg-Wöschnau;28
2575;Fulenbach;43.2
2576;Gretzenbach;36.4
2578;Gunzgen;42.3
2579;Hägendorf;35.9
2580;Kappel (SO);42.9
2581;Olten;44.8
2582;Rickenbach (SO);37.5
2583;Schönenwerd;46.6
2584;Starrkirch-Wil;40.4
2585;Walterswil (SO);40.7
2586;Wangen bei Olten;41.9
26;Dorf;31.juil
2601;Solothurn;47.6
261;Zürich;50.2
2611;Bärschwil;57.7
2612;Beinwil (SO);41.8
2613;Breitenbach;42.5
2614;Büsserach;46.2
2615;Erschwil;49.5
2616;Fehren;35.9
2617;Grindel;60.2
2618;Himmelried;43.1
2619;Kleinlützel;54.5
2620;Meltingen;51.7
2621;Nunningen;41
2622;Zullwil;44.3
27;Feuerthalen;38.2
2701;Basel;56.6
2702;Bettingen;29.janv
2703;Riehen;43.5
2761;Aesch (BL);46
2762;Allschwil;47.9
2763;Arlesheim;44.8
2764;Biel-Benken;32.3
2765;Binningen;38.7
2766;Birsfelden;58.3
2767;Bottmingen;32.6
2768;Ettingen;43
2769;Münchenstein;48.5
2770;Muttenz;44.3
2771;Oberwil (BL);36.1
2772;Pfeffingen;35.6
2773;Reinach (BL);46.2
2774;Schönenbuch;37
2775;Therwil;41.2
2781;Blauen;45.7
2782;Brislach;46.4
2783;Burg im Leimental;52.8
2784;Dittingen;52.9
2785;Duggingen;45.9
2786;Grellingen;45.4
2787;Laufen;45.4
2788;Liesberg;50.5
2789;Nenzlingen;56.9
2790;Roggenburg;53.4
2791;Röschenz;45.5
2792;Wahlen;41.4
2793;Zwingen;47.7
28;Flaach;24.sept
2821;Arisdorf;28.févr
2822;Augst;44.1
2823;Bubendorf;42.9
2824;Frenkendorf;48
2825;Füllinsdorf;38.2
2826;Giebenach;41.9
2827;Hersberg;40
2828;Lausen;40.8
2829;Liestal;45.4
2830;Lupsingen;40.5
2831;Pratteln;47.9
2832;Ramlinsburg;43.2
2833;Seltisberg;37.2
2834;Ziefen;46.4
2841;Anwil;51.9
2842;Böckten;39.1
2843;Buckten;49.6
2844;Buus;42.5
2845;Diepflingen;30.2
2846;Gelterkinden;46.1
2847;Häfelfingen;34
2848;Hemmiken;24.mai
2849;Itingen;41.2
2850;Känerkinden;44.3
2851;Kilchberg (BL);42.2
2852;Läufelfingen;48.8
2853;Maisprach;41.9
2854;Nusshof;32.7
2855;Oltingen;46.9
2856;Ormalingen;35.3
2857;Rickenbach (BL);39.6
2858;Rothenfluh;42.1
2859;Rümlingen;48.2
2860;Rünenberg;44.3
2861;Sissach;40.5
2862;Tecknau;33.9
2863;Tenniken;43.4
2864;Thürnen;41
2865;Wenslingen;41.9
2866;Wintersingen;32
2867;Wittinsburg;32.4
2868;Zeglingen;53.8
2869;Zunzgen;43.6
2881;Arboldswil;34.6
2882;Bennwil;40.1
2883;Bretzwil;45.4
2884;Diegten;40.6
2885;Eptingen;38.2
2886;Hölstein;43.4
2887;Lampenberg;24.janv
2888;Langenbruck;50.5
2889;Lauwil;36.9
2890;Liedertswil;43.3
2891;Niederdorf;49.9
2892;Oberdorf (BL);43.5
2893;Reigoldswil;43.8
2894;Titterten;45.6
2895;Waldenburg;42.8
29;Flurlingen;33.6
2901;Gächlingen;35.7
2903;Löhningen;33.3
2904;Neunkirch;40.6
291;Andelfingen;30
2914;Büttenhardt;40.9
2915;Dörflingen;37.7
2917;Lohn (SH);36.8
2919;Stetten (SH);25.sept
292;Stammheim;31.2
2920;Thayngen;42.2
293;Wädenswil;36.6
2931;Bargen (SH);44.1
2932;Beringen;39.6
2933;Buchberg;29
2936;Merishausen;38.3
2937;Neuhausen am Rheinfall;50.7
2938;Rüdlingen;39.3
2939;Schaffhausen;48.6
294;Elgg;37.1
295;Horgen;34.3
2951;Beggingen;29.mars
2952;Schleitheim;34.4
2953;Siblingen;36.3
296;Illnau-Effretikon;37.3
2961;Buch (SH);43.7
2962;Hemishofen;39.3
2963;Ramsen;34.9
2964;Stein am Rhein;42.9
297;Bauma;34.1
2971;Hallau;34.1
2972;Oberhallau;33.8
2973;Trasadingen;38
2974;Wilchingen;40.5
298;Wiesendangen;27.juil
3;Bonstetten;34.8
3001;Herisau;29.mai
3002;Hundwil;23
3003;Schönengrund;29.avr
3004;Schwellbrunn;25
3005;Stein (AR);30.mai
3006;Urnäsch;22.mai
3007;Waldstatt;26.juin
301;Aarberg;40.2
302;Bargen (BE);37.8
3021;Bühler;32.9
3022;Gais;29.mars
3023;Speicher;32.3
3024;Teufen (AR);23.juin
3025;Trogen;41.8
303;Grossaffoltern;38.7
3031;Grub (AR);37.2
3032;Heiden;36.6
3033;Lutzenberg;33.3
3034;Rehetobel;37.4
3035;Reute (AR);35.4
3036;Wald (AR);27.juil
3037;Walzenhausen;37.8
3038;Wolfhalden;36.5
304;Kallnach;42.8
305;Kappelen;39.7
306;Lyss;44.4
307;Meikirch;38.9
309;Radelfingen;38.8
31;Henggart;26
310;Rapperswil (BE);36.9
3101;Appenzell;19.mai
3102;Gonten;20.août
3104;Schlatt-Haslen;18.sept
311;Schüpfen;46.3
3111;Oberegg;28.avr
3112;Schwende-Rüte;15.juil
312;Seedorf (BE);40.5
3201;Häggenschwil;22.sept
3202;Muolen;24.févr
3203;St. Gallen;42.2
3204;Wittenbach;31.mai
321;Aarwangen;38.2
3211;Berg (SG);29
3212;Eggersriet;31.2
3213;Goldach;34.9
3214;Mörschwil;22.juin
3215;Rorschach;43.3
3216;Rorschacherberg;36.1
3217;Steinach;32.8
3218;Tübach;29
3219;Untereggen;24.mars
322;Auswil;44.9
323;Bannwil;42.1
3231;Au (SG);32.9
3232;Balgach;31.9
3233;Berneck;29.juin
3234;Diepoldsau;31.mai
3235;Rheineck;34.9
3236;St. Margrethen;38.4
3237;Thal;33.7
3238;Widnau;33.5
324;Bleienbach;37.2
325;Busswil bei Melchnau;31.6
3251;Altstätten;32.6
3252;Eichberg;30.avr
3253;Marbach (SG);34.1
3254;Oberriet (SG);30.sept
3255;Rebstein;36.4
3256;Rüthi (SG);35
326;Gondiswil;37.6
3271;Buchs (SG);39.4
3272;Gams;31.9
3273;Grabs;35.2
3274;Sennwald;35.7
3275;Sevelen;36.3
3276;Wartau;33.6
329;Langenthal;41.5
3291;Bad Ragaz;32.4
3292;Flums;34.9
3293;Mels;33.8
3294;Pfäfers;36.8
3295;Quarten;33.3
3296;Sargans;39.3
3297;Vilters-Wangs;34.8
3298;Walenstadt;33.7
33;Kleinandelfingen;34.1
331;Lotzwil;42.4
3311;Amden;35.9
3312;Benken (SG);28.juin
3313;Kaltbrunn;30.janv
3315;Schänis;33.9
3316;Weesen;34.5
332;Madiswil;38.1
333;Melchnau;39.1
3338;Schmerikon;34.3
3339;Uznach;34.2
3340;Rapperswil-Jona;33.6
3341;Gommiswald;30.2
3342;Eschenbach (SG);31.mars
335;Oeschenbach;38.8
3352;Ebnat-Kappel;32.5
3359;Wildhaus-Alt St. Johann;30.janv
336;Reisiswil;19.juin
3360;Nesslau;29.sept
337;Roggwil (BE);46.8
3374;Lichtensteig;44
3379;Wattwil;37.5
338;Rohrbach;43.2
339;Rohrbachgraben;27.sept
3392;Kirchberg (SG);28.févr
3393;Lütisburg;27.mars
3394;Mosnang;27
3395;Bütschwil-Ganterschwil;26.mai
3396;Neckertal;34.1
34;Laufen-Uhwiesen;26.sept
340;Rütschelen;33
3401;Degersheim;32.6
3402;Flawil;30.août
3405;Jonschwil;25.févr
3407;Oberuzwil;30.janv
3408;Uzwil;32.4
341;Schwarzhäusern;39.6
342;Thunstetten;44
3422;Niederbüren;22.juil
3423;Niederhelfenschwil;26.févr
3424;Oberbüren;28.août
3426;Zuzwil (SG);25.juil
3427;Wil (SG);34.1
344;Ursenbach;33.9
3441;Andwil (SG);23.mai
3442;Gaiserwald;26
3443;Gossau (SG);29.juil
3444;Waldkirch;19.sept
345;Wynau;45.4
35;Marthalen;28.sept
3506;Vaz/Obervaz;26.janv
351;Bern;59.5
3513;Lantsch/Lenz;23.sept
3514;Schmitten (GR);56.2
352;Bolligen;38.4
353;Bremgarten bei Bern;43.5
354;Kirchlindach;41.6
3542;Albula/Alvra;41.7
3543;Surses;32.7
3544;Bergün Filisur;36.4
355;Köniz;49.7
3551;Brusio;48.1
356;Muri bei Bern;36.3
3561;Poschiavo;35
357;Oberbalm;52.7
3572;Falera;23.mai
3575;Laax;25.sept
358;Stettlen;42.9
3581;Sagogn;38
3582;Schluein;18.avr
359;Vechigen;42.8
360;Wohlen bei Bern;47.4
3603;Vals;21.sept
361;Zollikofen;43.7
3618;Lumnezia;28.juin
3619;Ilanz/Glion;35.4
362;Ittigen;44
363;Ostermundigen;52.9
3633;Fürstenau;37.6
3637;Rothenbrunnen;39.5
3638;Scharans;36.1
3640;Sils im Domleschg;32.2
3661;Cazis;39.2
3662;Flerden;22.sept
3663;Masein;32.2
3668;Thusis;34.2
3669;Tschappina;36.2
3670;Urmein;25
3672;Safiental;36.2
3673;Domleschg;41.1
3681;Avers;29.mars
3695;Sufers;37
37;Ossingen;32.4
3701;Andeer;35.2
371;Biel/Bienne;63
3711;Rongellen;32
3712;Zillis-Reischen;33.9
3713;Ferrera;28
3714;Rheinwald;23.juin
3715;Muntogna da Schons;35.7
372;Evilard;52.4
3721;Bonaduz;31.août
3722;Domat/Ems;36.7
3723;Rhäzüns;34.9
3731;Felsberg;36.7
3732;Flims;27.mai
3733;Tamins;39.4
3734;Trin;38.4
3746;Zernez;33.1
3752;Samnaun;32.2
3762;Scuol;39.3
3764;Valsot;35.5
3781;Bever;36
3782;Celerina/Schlarigna;23.août
3783;Madulain;21.mars
3784;Pontresina;24.avr
3785;La Punt Chamues-ch;24.sept
3786;Samedan;31.janv
3787;St. Moritz;27.mars
3788;S-chanf;32.1
3789;Sils im Engadin/Segl;28
3790;Silvaplana;24.mai
3791;Zuoz;23.mai
3792;Bregaglia;37.1
38;Rheinau;46.1
3804;Buseno;54.8
3805;Castaneda;50
3808;Rossa;57.3
381;Arch;47
3810;Santa Maria in Calanca;61.9
382;Büetigen;43.9
3821;Lostallo;57.7
3822;Mesocco;54.5
3823;Soazza;47.6
383;Büren an der Aare;43.6
3831;Cama;45.2
3832;Grono;52.8
3834;Roveredo (GR);58.3
3835;San Vittore;58
3837;Calanca;52.9
3847;Val Müstair;44.3
385;Diessbach bei Büren;41.5
3851;Davos;30.mai
386;Dotzigen;47.6
3861;Fideris;35.3
3862;Furna;21.avr
3863;Jenaz;33.7
387;Lengnau (BE);53.8
3871;Klosters;28.mars
388;Leuzigen;45.2
3881;Conters im Prättigau;43.5
3882;Küblis;31.2
3891;Luzein;37
39;Thalheim an der Thur;36.3
390;Meinisberg;45.4
3901;Chur;36.9
391;Oberwil bei Büren;45.9
3911;Churwalden;35.7
392;Pieterlen;51.6
3921;Arosa;31.2
393;Rüti bei Büren;43.9
3932;Tschiertschen-Praden;45.2
394;Wengi;34.4
3945;Trimmis;32.2
3946;Untervaz;32.8
3947;Zizers;29
3951;Fläsch;29.juil
3952;Jenins;25.janv
3953;Maienfeld;23.janv
3954;Malans;31
3955;Landquart;38.6
3961;Grüsch;29.mai
3962;Schiers;35.9
3972;Seewis im Prättigau;36.2
3981;Breil/Brigels;30.sept
3982;Disentis/Mustér;30.2
3983;Medel (Lucmagn);21.juil
3985;Sumvitg;29.2
3986;Tujetsch;30.juin
3987;Trun;33.7
3988;Obersaxen Mundaun;26.juil
4;Hausen am Albis;36.2
40;Trüllikon;28.mai
4001;Aarau;38.7
4002;Biberstein;37
4003;Buchs (AG);35.7
4004;Densbüren;27.juin
4005;Erlinsbach (AG);29.août
4006;Gränichen;34
4007;Hirschthal;34.1
4008;Küttigen;33.5
4009;Muhen;29.mai
401;Aefligen;40.6
4010;Oberentfelden;33.7
4012;Suhr;37.1
4013;Unterentfelden;31.mai
402;Alchenstorf;40.5
4021;Baden;37.4
4022;Bellikon;33.1
4023;Bergdietikon;23.mars
4024;Birmenstorf (AG);27.juil
4026;Ennetbaden;34
4027;Fislisbach;32.8
4028;Freienwil;29.sept
4029;Gebenstorf;33.9
403;Bäriswil;39.7
4030;Killwangen;28.sept
4031;Künten;35.1
4032;Mägenwil;32.6
4033;Mellingen;33.5
4034;Neuenhof;41.5
4035;Niederrohrdorf;28.juin
4037;Oberrohrdorf;28
4038;Obersiggenthal;31.4
4039;Remetschwil;27.juil
404;Burgdorf;47.4
4040;Spreitenbach;46.7
4041;Stetten (AG);26.juil
4044;Untersiggenthal;35.2
4045;Wettingen;34
4046;Wohlenschwil;35.7
4047;Würenlingen;29.avr
4048;Würenlos;26.févr
4049;Ehrendingen;29.avr
405;Ersigen;38.3
406;Hasle bei Burgdorf;42.2
4061;Arni (AG);26.mars
4062;Berikon;29.mars
4063;Bremgarten (AG);38.9
4064;Büttikon;33.9
4065;Dottikon;29.juin
4066;Eggenwil;32.2
4067;Fischbach-Göslikon;31.janv
4068;Hägglingen;31.mars
407;Heimiswil;38.1
4071;Jonen;28.mars
4072;Niederwil (AG);30.juin
4073;Oberlunkhofen;27.sept
4074;Oberwil-Lieli;22.juil
4075;Rudolfstetten-Friedlisberg;35.5
4076;Sarmenstorf;29.mai
4077;Tägerig;38.7
4078;Uezwil;32
4079;Unterlunkhofen;28.mars
4080;Villmergen;31.2
4081;Widen;28.sept
4082;Wohlen (AG);34.1
4083;Zufikon;31.6
4084;Islisberg;25.févr
409;Hindelbank;38.3
4091;Auenstein;28.janv
4092;Birr;35.4
4093;Birrhard;26.janv
4095;Brugg;37.8
4099;Habsburg;18
41;Truttikon;34.2
410;Höchstetten;44
4100;Hausen (AG);27.févr
4104;Lupfig;31.4
4105;Mandach;19
4106;Mönthal;40.3
4107;Mülligen;34.8
411;Kernenried;36.4
4110;Remigen;30.avr
4111;Riniken;28
4112;Rüfenach;32.7
4117;Thalheim (AG);29.mai
412;Kirchberg (BE);38.1
4120;Veltheim (AG);36.3
4121;Villigen;36.3
4122;Villnachern;28.mai
4123;Windisch;38.8
4124;Bözberg;31.6
4125;Schinznach;30
413;Koppigen;40.8
4131;Beinwil am See;33.9
4132;Birrwil;31.mars
4134;Dürrenäsch;28.juin
4135;Gontenschwil;32.7
4136;Holziken;29.2
4137;Leimbach (AG);32.9
4138;Leutwil;28.avr
4139;Menziken;39.1
414;Krauchthal;44.5
4140;Oberkulm;39.6
4141;Reinach (AG);37.8
4142;Schlossrued;35.5
4143;Schmiedrued;35.5
4144;Schöftland;32.6
4145;Teufenthal (AG);32.2
4146;Unterkulm;38.3
4147;Zetzwil;31.mars
415;Lyssach;39.9
4161;Eiken;35.7
4163;Frick;35.2
4164;Gansingen;32.9
4165;Gipf-Oberfrick;32.5
4169;Kaisten;38.4
4170;Laufenburg;36
4172;Münchwilen (AG);35.3
4173;Oberhof;35.4
4175;Oeschgen;28.sept
4176;Schwaderloch;38.2
4177;Sisseln;41.7
418;Oberburg;38.8
4181;Wittnau;33
4182;Wölflinswil;28.avr
4183;Zeihen;40.5
4184;Mettauertal;36
4185;Böztal;38.9
4186;Herznach-Ueken;31.mai
4191;Ammerswil;33.9
4192;Boniswil;35.2
4193;Brunegg;29
4194;Dintikon;31.4
4195;Egliswil;35.8
4196;Fahrwangen;37
4197;Hallwil;42.3
4198;Hendschiken;39.1
4199;Holderbank (AG);36.2
420;Rüdtligen-Alchenflüh;39.8
4200;Hunzenschwil;31.6
4201;Lenzburg;35.8
4202;Meisterschwanden;29
4203;Möriken-Wildegg;27.sept
4204;Niederlenz;39.9
4205;Othmarsingen;34.6
4206;Rupperswil;32.8
4207;Schafisheim;37
4208;Seengen;26.mai
4209;Seon;35.4
421;Rumendingen;30.2
4210;Staufen;26.janv
422;Rüti bei Lyssach;26.sept
4221;Abtwil;33.7
4222;Aristau;31.9
4223;Auw;23.avr
4224;Beinwil (Freiamt);26.mai
4226;Besenbüren;26.sept
4227;Bettwil;30.mars
4228;Boswil;31.août
4229;Bünzen;28
423;Willadingen;34.1
4230;Buttwil;30.juin
4231;Dietwil;27.juin
4232;Geltwil;33.8
4233;Kallern;22
4234;Merenschwand;28.avr
4235;Mühlau;31
4236;Muri (AG);32.8
4237;Oberrüti;26.août
4238;Rottenschwil;28.avr
4239;Sins;25.sept
424;Wynigen;40.3
4240;Waltenschwil;34.1
4251;Hellikon;30.janv
4252;Kaiseraugst;44.8
4253;Magden;32
4254;Möhlin;40.2
4255;Mumpf;40.4
4256;Obermumpf;40.1
4257;Olsberg;32.1
4258;Rheinfelden;40.9
4259;Schupfart;22.juil
4260;Stein (AG);41.9
4261;Wallbach;31.6
4262;Wegenstetten;40.1
4263;Zeiningen;36.2
4264;Zuzgen;33.4
4271;Aarburg;42.6
4273;Bottenwil;23.mars
4274;Brittnau;34.4
4275;Kirchleerau;30.sept
4276;Kölliken;37.9
4277;Moosleerau;26.sept
4279;Murgenthal;33
4280;Oftringen;39.8
4281;Reitnau;25.juil
4282;Rothrist;33
4283;Safenwil;43.8
4284;Staffelbach;28.avr
4285;Strengelbach;38.5
4286;Uerkheim;34.4
4287;Vordemwald;36
4288;Wiliberg;32.2
4289;Zofingen;37.3
43;Volken;24
4303;Böttstein;32.5
4304;Döttingen;36.2
4305;Endingen;29.sept
4306;Fisibach;41.7
4307;Full-Reuenthal;31.4
4309;Klingnau;33.2
431;Corgémont;59.2
4310;Koblenz;39.9
4311;Leibstadt;28.avr
4312;Lengnau (AG);23.sept
4313;Leuggern;32.5
4314;Mellikon;37.2
4318;Schneisingen;29.mai
4319;Siglistorf;29.avr
432;Cormoret;62.2
4320;Tegerfelden;32.1
4324;Zurzach;40.8
433;Cortébert;60.2
434;Courtelary;65
435;La Ferrière;73.7
437;Mont-Tramelan;43.5
438;Orvin;62.1
4401;Arbon;41.1
4406;Dozwil;31.9
441;Renan (BE);65.4
4411;Egnach;29.2
4416;Hefenhofen;32.7
442;Romont (BE);60.3
4421;Horn;32
4426;Kesswil;33.4
443;Saint-Imier;65.2
4431;Roggwil (TG);26.août
4436;Romanshorn;39.2
444;Sonceboz-Sombeval;64.4
4441;Salmsach;43.5
4446;Sommeri;30.janv
445;Sonvilier;64.1
4451;Uttwil;28.juil
446;Tramelan;69.5
4461;Amriswil;34.8
4471;Bischofszell;33.2
4476;Erlen;33.8
448;Villeret;67
4486;Hauptwil-Gottshaus;31.mai
449;Sauge;63.2
4495;Hohentannen;35
450;Péry-La Heutte;61.8
4501;Kradolf-Schönenberg;33.3
4506;Sulgen;32.5
4511;Zihlschlacht-Sitterdorf;30.juin
4536;Basadingen-Schlattingen;33.2
4545;Diessenhofen;39.1
4546;Schlatt (TG);31.9
4551;Aadorf;31
4561;Felben-Wellhausen;40.2
4566;Frauenfeld;35.4
4571;Gachnang;28
4590;Hüttlingen;34.2
4591;Matzingen;38.8
4601;Neunforn;25.mars
4606;Stettfurt;25.juil
4611;Thundorf;27.mars
4616;Uesslingen-Buch;24.juin
4621;Warth-Weiningen;27.mai
4641;Altnau;32.2
4643;Bottighofen;32
4646;Ermatingen;31.2
4651;Gottlieben;24.avr
4656;Güttingen;33.9
4666;Kemmental;37.8
4671;Kreuzlingen;41.9
4681;Langrickenbach;25.juin
4683;Lengwil;36.4
4691;Münsterlingen;36.5
4696;Tägerwilen;34.7
4701;Wäldi;26.mai
4711;Affeltrangen;27.août
4716;Bettwiesen;30.mars
4721;Bichelsee-Balterswil;37.1
4723;Braunau;27.juil
4724;Eschlikon;35.4
4726;Fischingen;28.juil
4741;Lommis;30.avr
4746;Münchwilen (TG);32.1
4751;Rickenbach (TG);34.2
4756;Schönholzerswilen;25.juil
4761;Sirnach;32.3
4776;Tobel-Tägerschen;34.2
4781;Wängi;30.avr
4786;Wilen (TG);28.avr
4791;Wuppenau;31.6
4801;Berlingen;31.mai
4806;Eschenz;35.3
4811;Herdern;29.mars
4816;Homburg;22.mai
4821;Hüttwilen;29.avr
4826;Mammern;25.janv
4831;Müllheim;35.7
4841;Pfyn;32.9
4846;Raperswilen;31.9
4851;Salenstein;31.2
4864;Steckborn;39.7
4871;Wagenhausen;35.6
4881;Amlikon-Bissegg;29.sept
4891;Berg (TG);28.avr
4901;Birwinken;30.avr
491;Brüttelen;45
4911;Bürglen (TG);40
492;Erlach;49.8
4921;Bussnang;27.sept
493;Finsterhennen;38.4
494;Gals;46.4
4941;Märstetten;32.1
4946;Weinfelden;30.mai
495;Gampelen;47.1
4951;Wigoltingen;31.janv
496;Ins;42
497;Lüscherz;39.5
498;Müntschemier;35.5
499;Siselen;41.1
5;Hedingen;28.mars
500;Treiten;23.janv
5001;Arbedo-Castione;60.8
5002;Bellinzona;59.7
5003;Cadenazzo;57.9
5009;Isone;51
501;Tschugg;42.3
5010;Lumino;28.févr
5017;Sant'Antonino;65.8
502;Vinelz;40.6
5048;Acquarossa;56
5049;Blenio;58.7
5050;Serravalle;55.6
5061;Airolo;40.6
5063;Bedretto;40.9
5064;Bodio;59.3
5071;Dalpe;53.7
5072;Faido;59.7
5073;Giornico;55
5076;Personico;57.9
5077;Pollegio;61.6
5078;Prato (Leventina);60.8
5079;Quinto;50.1
5091;Ascona;52.3
5096;Brione sopra Minusio;61.2
5097;Brissago;58.1
51;Bachenbülach;34.9
5108;Gordola;51.1
5112;Lavertezzo;54.7
5113;Locarno;63.4
5115;Losone;57.4
5117;Mergoscia;67.4
5118;Minusio;56.8
5120;Muralto;52
5121;Orselina;50
5125;Ronco sopra Ascona;49.8
5131;Tenero-Contra;58.4
5136;Onsernone;67.8
5138;Cugnasco-Gerra;57.7
5141;Agno;58
5143;Aranno;72.9
5144;Arogno;66.5
5146;Astano;73.7
5148;Bedano;59.6
5149;Bedigliora;68
5151;Bioggio;52.2
5154;Bissone;59.8
5160;Brusino Arsizio;56.4
5161;Cademario;59.2
5162;Cadempino;57.4
5167;Canobbio;56.2
5171;Caslano;61.2
5176;Comano;47.7
5180;Cureglia;44.2
5181;Curio;57.3
5186;Grancia;65.9
5187;Gravesano;53.5
5189;Lamone;62.3
5192;Lugano;54.6
5193;Magliaso;54
5194;Manno;56.3
5196;Massagno;53.8
5198;Melide;57.3
5199;Mezzovico-Vira;53.8
52;Bassersdorf;36.1
5200;Miglieglia;74.5
5203;Morcote;43.6
5205;Muzzano;51.5
5206;Neggio;42.4
5207;Novaggio;62.2
5208;Origlio;53.2
5210;Paradiso;54.3
5212;Ponte Capriasca;54.5
5214;Porza;43.7
5216;Pura;54.5
5221;Savosa;53.5
5225;Sorengo;52.9
5226;Capriasca;60.5
5227;Torricella-Taverne;60.2
5230;Vernate;56.2
5231;Vezia;53
5233;Vico Morcote;52.9
5236;Collina d'Oro;45.4
5237;Alto Malcantone;66.6
5238;Monteceneri;57.5
5239;Tresa;58.1
5240;Val Mara;62.5
5242;Balerna;63
5249;Castel San Pietro;55.9
5250;Chiasso;65.7
5251;Coldrerio;65.1
5254;Mendrisio;57.3
5257;Morbio Inferiore;65.6
5260;Novazzano;58.5
5263;Riva San Vitale;59.2
5266;Stabio;65.1
5268;Vacallo;61.1
5269;Breggia;60.2
5281;Biasca;59.2
5287;Riviera;59.8
53;Bülach;39.3
5304;Bosco/Gurin;52.4
5307;Campo (Vallemaggia);81.5
5309;Cerentino;76.9
5310;Cevio;66.2
5315;Linescio;54.5
5317;Maggia;55.1
5323;Lavizzara;65
5324;Avegno Gordevio;61.1
533;Bätterkinden;51.9
538;Fraubrunnen;37.2
5396;Terre di Pedemonte;58.9
5397;Centovalli;71.8
5398;Gambarogno;60.1
5399;Verzasca;63.2
54;Dietlikon;33.1
540;Jegenstorf;39
5401;Aigle;63.6
5402;Bex;70.3
5403;Chessel;63.4
5404;Corbeyrier;70.9
5405;Gryon;58.5
5406;Lavey-Morcles;63.1
5407;Leysin;66.3
5408;Noville;59
5409;Ollon;59.2
541;Iffwil;41.6
5410;Ormont-Dessous;60.6
5411;Ormont-Dessus;56
5412;Rennaz;63.9
5413;Roche (VD);63.9
5414;Villeneuve (VD);64.8
5415;Yvorne;56
5422;Aubonne;56.1
5423;Ballens;53.6
5424;Berolle;59.6
5425;Bière;65.3
5426;Bougy-Villars;46.4
5427;Féchy;43.9
5428;Gimel;57.7
5429;Longirod;60.7
543;Mattstetten;40.9
5430;Marchissy;60.2
5431;Mollens (VD);69.7
5434;Saint-George;61.4
5435;Saint-Livres;49.3
5436;Saint-Oyens;54.2
5437;Saubraz;61.4
544;Moosseedorf;41.8
5451;Avenches;62.3
5456;Cudrefin;58.1
5458;Faoug;48.5
546;Münchenbuchsee;45.8
5464;Vully-les-Lacs;52.5
5471;Bettens;42.5
5472;Bournens;47.5
5473;Boussens;62.1
5474;La Chaux (Cossonay);63.3
5475;Chavannes-le-Veyron;61.8
5476;Chevilly;53.7
5477;Cossonay;65
5479;Cuarnens;50
5480;Daillens;53.6
5481;Dizy;67.8
5482;Eclépens;57.8
5483;Ferreyres;60.2
5484;Gollion;57.7
5485;Grancy;57.9
5486;L'Isle;60.1
5487;Lussery-Villars;71.1
5488;Mauraz;56.2
5489;Mex (VD);49.5
5490;Moiry;60.9
5491;Mont-la-Ville;60.3
5492;Montricher;57.9
5493;Orny;58.2
5495;Penthalaz;58.6
5496;Penthaz;59.1
5497;Pompaples;54
5498;La Sarraz;59.8
5499;Senarclens;42.7
55;Eglisau;35.1
5501;Sullens;50.7
5503;Vufflens-la-Ville;59.2
551;Urtenen-Schönbühl;45.2
5511;Assens;44.6
5512;Bercher;59.6
5514;Bottens;53.2
5515;Bretigny-sur-Morrens;60.4
5516;Cugy (VD);57.2
5518;Echallens;62.9
552;Utzenstorf;44.2
5520;Essertines-sur-Yverdon;56.5
5521;Etagnières;61.6
5522;Fey;62.5
5523;Froideville;56.8
5527;Morrens (VD);65.5
5529;Oulens-sous-Echallens;49.3
553;Wiggiswil;39.1
5530;Pailly;48.6
5531;Penthéréaz;58.1
5533;Poliez-Pittet;52.7
5534;Rueyres;46.8
5535;Saint-Barthélemy (VD);58.1
5537;Villars-le-Terroir;54.9
5539;Vuarrens;52.1
554;Wiler bei Utzenstorf;39.2
5540;Montilliez;50.9
5541;Goumoëns;52.2
5551;Bonvillars;53.6
5552;Bullet;66.8
5553;Champagne;55.7
5554;Concise;66.9
5555;Corcelles-près-Concise;63.2
5556;Fiez;62.3
5557;Fontaines-sur-Grandson;59.5
5559;Giez;53.8
556;Zielebach;37
5560;Grandevent;70.3
5561;Grandson;60.3
5562;Mauborget;61.8
5563;Mutrux;51.1
5564;Novalles;50
5565;Onnens (VD);62.9
5566;Provence;59.5
5568;Sainte-Croix;69.9
557;Zuzwil (BE);31.janv
5571;Tévenon;68
5581;Belmont-sur-Lausanne;49.1
5582;Cheseaux-sur-Lausanne;64.3
5583;Crissier;64.7
5584;Epalinges;56.4
5585;Jouxtens-Mézery;43.3
5586;Lausanne;72.7
5587;Le Mont-sur-Lausanne;55.7
5588;Paudex;51.1
5589;Prilly;69.9
5590;Pully;52.2
5591;Renens (VD);74.5
5592;Romanel-sur-Lausanne;64.8
56;Embrach;37.2
5601;Chexbres;52.4
5604;Forel (Lavaux);56.1
5606;Lutry;49.3
5607;Puidoux;53
5609;Rivaz;51.1
561;Adelboden;28.mai
5610;Saint-Saphorin (Lavaux);62.2
5611;Savigny;59.3
5613;Bourg-en-Lavaux;56.4
562;Aeschi bei Spiez;35.7
5621;Aclens;54.3
5622;Bremblens;42.9
5623;Buchillon;48
5624;Bussigny;65.5
5627;Chavannes-près-Renens;73.8
5628;Chigny;43.9
5629;Clarmont;64.6
563;Frutigen;38.4
5631;Denens;48.4
5632;Denges;63.4
5633;Echandens;54.6
5634;Echichens;52.4
5635;Ecublens (VD);66.9
5636;Etoy;57.4
5637;Lavigny;50.2
5638;Lonay;50.9
5639;Lully (VD);52
564;Kandergrund;38.8
5640;Lussy-sur-Morges;53.4
5642;Morges;62.9
5643;Préverenges;63.1
5645;Romanel-sur-Morges;46.2
5646;Saint-Prex;53.5
5648;Saint-Sulpice (VD);49.6
5649;Tolochenaz;59.9
565;Kandersteg;39.6
5650;Vaux-sur-Morges;49.4
5651;Villars-Sainte-Croix;55.6
5652;Villars-sous-Yens;58.7
5653;Vufflens-le-Château;42
5654;Vullierens;60.5
5655;Yens;49.2
5656;Hautemorges;56
566;Krattigen;45.6
5661;Boulens;61.1
5663;Bussy-sur-Moudon;69
5665;Chavannes-sur-Moudon;46.2
5669;Curtilles;56.1
567;Reichenbach im Kandertal;40.7
5671;Dompierre (VD);51.6
5673;Hermenches;56.8
5674;Lovatens;62.5
5675;Lucens;66.6
5678;Moudon;66.2
5680;Ogens;62.6
5683;Prévonloup;61.2
5684;Rossenges;40.7
5688;Syens;54.1
5690;Villars-le-Comte;54.2
5692;Vucherens;62.9
5693;Montanaire;58.9
57;Freienstein-Teufen;32
5701;Arnex-sur-Nyon;39.5
5702;Arzier-Le Muids;46.5
5703;Bassins;54.9
5704;Begnins;51.4
5705;Bogis-Bossey;44.6
5706;Borex;46.5
5707;Chavannes-de-Bogis;42.7
5708;Chavannes-des-Bois;47.7
5709;Chéserex;49.4
571;Beatenberg;46.8
5710;Coinsins;50.9
5711;Commugny;42.4
5712;Coppet;40.5
5713;Crans (VD);43.2
5714;Crassier;51.3
5715;Duillier;48.7
5716;Eysins;48.7
5717;Founex;45.8
5718;Genolier;40.4
5719;Gingins;48.3
572;Bönigen;45.6
5720;Givrins;52
5721;Gland;57.1
5722;Grens;59.4
5723;Mies;44.1
5724;Nyon;60.4
5725;Prangins;49.4
5726;La Rippe;50.9
5727;Saint-Cergue;62.7
5728;Signy-Avenex;50.3
5729;Tannay;40.3
573;Brienz (BE);43.1
5730;Trélex;44.7
5731;Le Vaud;54.9
5732;Vich;47.1
574;Brienzwiler;40.5
5741;L'Abergement;59.8
5742;Agiez;48.2
5743;Arnex-sur-Orbe;58.5
5744;Ballaigues;64
5745;Baulmes;68.8
5746;Bavois;54.5
5747;Bofflens;62.5
5748;Bretonnières;67.6
5749;Chavornay;59.7
575;Därligen;58.1
5750;Les Clées;75.3
5752;Croy;71.1
5754;Juriens;64.5
5755;Lignerolle;58.9
5756;Montcherand;50.3
5757;Orbe;63.9
5758;La Praz;69.1
5759;Premier;69.7
576;Grindelwald;27.janv
5760;Rances;59
5761;Romainmôtier-Envy;77
5762;Sergey;40.7
5763;Valeyres-sous-Rances;58
5764;Vallorbe;64.2
5765;Vaulion;66.8
5766;Vuiteboeuf;54.5
577;Gsteigwiler;47.7
578;Gündlischwand;41.2
5785;Corcelles-le-Jorat;54.4
579;Habkern;32.3
5790;Maracon;62
5792;Montpreveyres;62.7
5798;Ropraz;54.3
5799;Servion;58.1
58;Glattfelden;35.1
580;Hofstetten bei Brienz;47.8
5803;Vulliens;49.8
5804;Jorat-Menthue;57.5
5805;Oron;62.4
5806;Jorat-Mézières;58.5
581;Interlaken;43
5812;Champtauroz;61.8
5813;Chevroux;59.9
5816;Corcelles-près-Payerne;54.4
5817;Grandcour;55.5
5819;Henniez;57.8
582;Iseltwald;48.5
5821;Missy;58.4
5822;Payerne;59
5827;Trey;52.7
5828;Treytorrens (Payerne);42.6
5830;Villarzel;58.5
5831;Valbroye;61.1
584;Lauterbrunnen;40.6
5841;Château-d'Oex;52.3
5842;Rossinière;60.3
5843;Rougemont;43.9
585;Leissigen;38.1
5851;Allaman;57.8
5852;Bursinel;51.7
5853;Bursins;56.4
5854;Burtigny;50.4
5855;Dully;32.8
5856;Essertines-sur-Rolle;47
5857;Gilly;47
5858;Luins;50.3
5859;Mont-sur-Rolle;55.1
586;Lütschental;39.1
5860;Perroy;49.7
5861;Rolle;53.6
5862;Tartegnin;48.6
5863;Vinzel;55.1
587;Matten bei Interlaken;46.1
5871;L'Abbaye;64.7
5872;Le Chenit;68.2
5873;Le Lieu;68.4
588;Niederried bei Interlaken;52.5
5882;Chardonne;55.1
5883;Corseaux;52.4
5884;Corsier-sur-Vevey;63
5885;Jongny;55
5886;Montreux;60.5
5889;La Tour-de-Peilz;62.9
589;Oberried am Brienzersee;55.9
5890;Vevey;70.6
5891;Veytaux;57.8
5892;Blonay - Saint-Légier;52.3
59;Hochfelden;32.7
590;Ringgenberg (BE);44.2
5902;Belmont-sur-Yverdon;58.4
5903;Bioley-Magnoux;55.7
5904;Chamblon;51
5905;Champvent;54.8
5907;Chavannes-le-Chêne;48.3
5908;Chêne-Pâquier;63
5909;Cheseaux-Noréaz;45.8
591;Saxeten;36.7
5910;Cronay;54.1
5911;Cuarny;57.5
5912;Démoret;41.9
5913;Donneloye;51.2
5914;Ependes (VD);53.5
5919;Mathod;62.9
592;Schwanden bei Brienz;37.6
5921;Molondin;60.6
5922;Montagny-près-Yverdon;58.5
5923;Oppens;62.9
5924;Orges;52.1
5925;Orzens;60.4
5926;Pomy;50.7
5928;Rovray;45.8
5929;Suchy;55.2
593;Unterseen;41.1
5930;Suscévaz;47.1
5931;Treycovagnes;66
5932;Ursins;46.4
5933;Valeyres-sous-Montagny;56.2
5934;Valeyres-sous-Ursins;63.3
5935;Villars-Epeney;35.5
5937;Vugelles-La Mothe;53.7
5938;Yverdon-les-Bains;68.6
5939;Yvonand;64.7
594;Wilderswil;43.1
6;Kappel am Albis;27.juin
60;Höri;32.3
6002;Brig-Glis;37.6
6004;Eggerberg;46.3
6007;Naters;41
6008;Ried-Brig;34
6009;Simplon;32
6010;Termen;32
6011;Zwischbergen;22.sept
602;Arni (BE);36.7
6021;Ardon;52.5
6022;Chamoson;55.2
6023;Conthey;57.1
6024;Nendaz;61.9
6025;Vétroz;53.5
603;Biglen;42
6032;Bourg-Saint-Pierre;42.9
6033;Liddes;57.5
6034;Orsières;49.3
6035;Sembrancher;60.6
6037;Val de Bagnes;50.8
605;Bowil;40.9
6052;Bellwald;50.4
6054;Binn;40.4
6056;Ernen;44
6057;Fiesch;41.1
6058;Fieschertal;33
606;Brenzikofen;33
6061;Lax;40.7
607;Freimettigen;33.3
6076;Obergoms;35.1
6077;Goms;36.6
608;Grosshöchstetten;41.1
6082;Ayent;64.1
6083;Evolène;52.4
6084;Hérémence;49.3
6087;Saint-Martin (VS);54.7
6089;Vex;56
609;Häutligen;30.mars
6090;Mont-Noble;56.6
61;Hüntwangen;33
610;Herbligen;31.août
6101;Agarn;48.1
6102;Albinen;54.2
6104;Ergisch;34.5
6109;Inden;41.7
611;Kiesen;38.3
6110;Leuk;43.2
6111;Leukerbad;48.9
6112;Oberems;60.9
6113;Salgesch;36.8
6116;Varen;41.7
6117;Guttet-Feschel;45.9
6118;Gampel-Bratsch;39.4
6119;Turtmann-Unterems;43.7
612;Konolfingen;41.9
613;Landiswil;40.4
6131;Bovernier;57.1
6133;Fully;58.9
6134;Isérables;48.9
6135;Leytron;53.5
6136;Martigny;56.6
6137;Martigny-Combe;56.9
6139;Riddes;56
614;Linden;30.2
6140;Saillon;58.4
6141;Saxon;65
6142;Trient;58.1
615;Mirchel;35.9
6151;Champéry;49.1
6152;Collombey-Muraz;59.3
6153;Monthey;61.1
6154;Port-Valais;56.4
6155;Saint-Gingolph;62
6156;Troistorrents;56.7
6157;Val-d'Illiez;51.5
6158;Vionnaz;50.7
6159;Vouvry;58
616;Münsingen;42.3
617;Niederhünigen;40.7
6172;Bister;30
6173;Bitsch;43.3
6177;Grengiols;48.9
6181;Riederalp;46.5
619;Oberdiessbach;44.1
6191;Ausserberg;29
6192;Blatten;46.6
6193;Bürchen;39.3
6194;Eischoll;33.1
6195;Ferden;40.6
6197;Kippel;35.1
6198;Niedergesteln;34.8
6199;Raron;39.9
62;Kloten;41.6
620;Oberthal;47.4
6201;Unterbäch;45.8
6202;Wiler (Lötschen);25.janv
6203;Mörel-Filet;45.4
6204;Steg-Hohtenn;41.2
6205;Bettmeralp;39.4
6211;Collonges;58.5
6212;Dorénaz;58.1
6213;Evionnaz;62.2
6214;Finhaut;75.7
6215;Massongex;62.7
6217;Saint-Maurice;62.4
6218;Salvan;62.4
6219;Vernayaz;65.5
622;Oppligen;38.4
6220;Vérossaz;57.3
623;Rubigen;45.1
6232;Chalais;59.1
6235;Chippis;65.5
6238;Grône;61.1
6239;Icogne;63.3
6240;Lens;48
6246;Saint-Léonard;55.4
6248;Sierre;59.2
6252;Anniviers;52.6
6253;Crans-Montana;52.5
6254;Noble-Contrée;54.5
626;Walkringen;45.2
6261;Arbaz;59.5
6263;Grimisuat;55.5
6265;Savièse;55.7
6266;Sion;56.8
6267;Veysonnaz;73.1
627;Worb;42.8
628;Zäziwil;41.6
6281;Baltschieder;30.mai
6282;Eisten;45.3
6283;Embd;36.6
6285;Grächen;48.1
6286;Lalden;39.4
6287;Randa;46
6288;Saas-Almagell;27.juin
6289;Saas-Balen;42.2
6290;Saas-Fee;30.juil
6291;Saas-Grund;35.1
6292;St. Niklaus;39
6293;Stalden (VS);37
6294;Staldenried;47.2
6295;Täsch;50.7
6296;Törbel;42.7
6297;Visp;40.4
6298;Visperterminen;32.4
6299;Zeneggen;36.6
63;Lufingen;29.août
630;Allmendingen;28.juil
6300;Zermatt;23.juin
632;Wichtrach;41.6
64;Nürensdorf;25.févr
6404;Boudry;71.2
6408;Cortaillod;65.5
6413;Rochefort;70.2
6416;Milvignes;61.8
6417;La Grande Béroche;65.5
6421;La Chaux-de-Fonds;75.5
6422;Les Planchettes;74.4
6423;La Sagne;61.1
6432;La Brévine;58.2
6433;Brot-Plamboz;46
6434;Le Cerneux-Péquignot;58.8
6435;La Chaux-du-Milieu;71.1
6436;Le Locle;75.1
6437;Les Ponts-de-Martel;60.3
6451;Cornaux;67.2
6452;Cressier (NE);71.5
6453;Enges;81
6454;Hauterive (NE);64.2
6455;Le Landeron;66.9
6456;Lignières;62.6
6458;Neuchâtel;68.9
6459;Saint-Blaise;60.4
6461;La Tène;66.8
6487;Val-de-Ruz;67.7
65;Oberembrach;22.juil
6504;La Côte-aux-Fées;66.8
6511;Les Verrières;62.1
6512;Val-de-Travers;73.4
66;Opfikon;40.1
6601;Aire-la-Ville;52.1
6602;Anières;39.8
6603;Avully;69.8
6604;Avusy;55.8
6605;Bardonnex;61.7
6606;Bellevue;59.8
6607;Bernex;59.2
6608;Carouge (GE);64.7
6609;Cartigny;47.6
6610;Céligny;48
6611;Chancy;64.4
6612;Chêne-Bougeries;49.3
6613;Chêne-Bourg;64
6614;Choulex;51.7
6615;Collex-Bossy;56.4
6616;Collonge-Bellerive;38.7
6617;Cologny;38.2
6618;Confignon;61.4
6619;Corsier (GE);42.7
662;Ferenbalm;41
6620;Dardagny;64.7
6621;Genève;66.4
6622;Genthod;53.5
6623;Le Grand-Saconnex;62.1
6624;Gy;49
6625;Hermance;52.6
6626;Jussy;46.8
6627;Laconnex;57.7
6628;Lancy;65.7
6629;Meinier;57.9
663;Frauenkappelen;41.5
6630;Meyrin;67.4
6631;Onex;66.5
6632;Perly-Certoux;65
6633;Plan-les-Ouates;58.3
6634;Pregny-Chambésy;50.5
6635;Presinge;57.1
6636;Puplinge;57.4
6637;Russin;50.2
6638;Satigny;58.1
6639;Soral;56.6
6640;Thônex;58.6
6641;Troinex;52.9
6642;Vandoeuvres;35.9
6643;Vernier;68.6
6644;Versoix;62.2
6645;Veyrier;49.5
665;Gurbrü;30.juil
666;Kriechenwil;34.5
667;Laupen;45.7
668;Mühleberg;38.5
669;Münchenwiler;48
67;Rafz;38.2
670;Neuenegg;44.4
6702;Boécourt;68.8
6703;Bourrignon;61.9
6704;Châtillon (JU);78.8
6706;Courchapoix;70.7
6708;Courrendlin;72.3
6709;Courroux;72.3
671;Wileroltigen;38
6710;Courtételle;74.2
6711;Delémont;74.5
6712;Develier;68.1
6713;Ederswiler;16.juil
6715;Mervelier;76.6
6716;Mettembert;75.4
6718;Movelier;69.7
6719;Pleigne;61.5
6721;Rossemaison;74
6722;Saulcy;70.9
6724;Soyhières;65.7
6729;Haute-Sorne;74.7
6730;Val Terbi;73.8
6741;Le Bémont (JU);58.7
6742;Les Bois;72.7
6743;Les Breuleux;71.7
6745;Les Enfers;75
6748;Les Genevez (JU);75.4
6750;Lajoux (JU);79
6751;Montfaucon;70
6753;Muriaux;61.5
6754;Le Noirmont;71.3
6757;Saignelégier;78
6758;Saint-Brais;72.8
6759;Soubey;70
6771;Alle;68
6774;Boncourt;67.2
6778;Bure;61.2
6781;Coeuve;70
6782;Cornol;78.3
6783;Courchavon;51.4
6784;Courgenay;70.4
6785;Courtedoux;88.3
6789;Fahy;65.1
6790;Fontenais;75.3
6792;Grandfontaine;56.1
68;Rorbas;39
6800;Porrentruy;69.6
6806;Vendlincourt;69.6
6807;Basse-Allaine;68.6
6808;Clos du Doubs;67.5
6809;Haute-Ajoie;64.7
681;Belprahon;61.5
6810;La Baroche;73.9
6811;Damphreux-Lugnez;64.3
6812;Basse-Vendline;76.4
683;Champoz;43.3
687;Corcelles (BE);77.3
69;Wallisellen;35
690;Court;61.9
691;Crémines;72.6
692;Eschert;66.1
694;Grandval;70.6
696;Loveresse;72.6
7;Knonau;35.7
70;Wasterkingen;39.3
700;Moutier;73.3
701;Perrefitte;71.1
703;Reconvilier;65.9
704;Roches (BE);44.4
706;Saicourt;69.7
707;Saules (BE);72.1
708;Schelten;56.7
709;Seehof;56.2
71;Wil (ZH);29.2
711;Sorvilier;68.2
713;Tavannes;67.4
715;Rebévelier;50
716;Petit-Val;60.1
717;Valbirse;64.7
72;Winkel;27.mars
723;La Neuveville;64.9
724;Nods;53.7
726;Plateau de Diesse;69.4
731;Aegerten;49.4
732;Bellmund;30.juin
733;Brügg;49.2
734;Bühl;32.4
735;Epsach;49.1
736;Hagneck;52
737;Hermrigen;44.4
738;Jens;38.9
739;Ipsach;48.2
740;Ligerz;38.6
741;Merzligen;34.6
742;Mörigen;30.août
743;Nidau;57.3
744;Orpund;50.8
745;Port;41.3
746;Safnern;39.7
747;Scheuren;47.5
748;Schwadernau;38.5
749;Studen (BE);45.3
750;Sutz-Lattrigen;44.3
751;Täuffelen;41.6
754;Walperswil;41.3
755;Worben;42.4
756;Twann-Tüscherz;47.2
761;Därstetten;33.2
762;Diemtigen;32
763;Erlenbach im Simmental;38
766;Oberwil im Simmental;26.juin
767;Reutigen;33.6
768;Spiez;43.1
769;Wimmis;38.8
770;Stocken-Höfen;34.4
782;Guttannen;30
783;Hasliberg;36.6
784;Innertkirchen;36
785;Meiringen;43.8
786;Schattenhalb;42.6
791;Boltigen;42.8
792;Lenk;36.8
793;St. Stephan;24
794;Zweisimmen;33.3
8;Maschwanden;41.1
81;Bachs;29.sept
82;Boppelsen;25.mars
83;Buchs (ZH);34.5
84;Dällikon;34.8
841;Gsteig;36.4
842;Lauenen;30.janv
843;Saanen;26.mai
85;Dänikon;28.juil
852;Guggisberg;41.8
853;Rüschegg;50.4
855;Schwarzenburg;47.9
86;Dielsdorf;36.3
861;Belp;41
863;Burgistein;42.9
866;Gerzensee;35.5
867;Gurzelen;43.4
868;Jaberg;47.2
869;Kaufdorf;48.6
87;Hüttikon;25.sept
870;Kehrsatz;41.4
872;Kirchdorf (BE);33.6
879;Riggisberg;38.6
88;Neerach;24.avr
880;Rüeggisberg;45.3
883;Seftigen;43.5
884;Toffen;40.9
885;Uttigen;41.8
886;Wattenwil;43.5
888;Wald (BE);41.1
889;Thurnen;46.8
89;Niederglatt;34.4
9;Mettmenstetten;32.7
90;Niederhasli;37
901;Eggiwil;36.9
902;Langnau im Emmental;43.4
903;Lauperswil;40.3
904;Röthenbach im Emmental;29.sept
905;Rüderswil;41.6
906;Schangnau;23.janv
907;Signau;39.8
908;Trub;39.3
909;Trubschachen;43.3
91;Niederweningen;32.4
92;Oberglatt;38.3
921;Amsoldingen;36.3
922;Blumenstein;41.2
923;Buchholterberg;33.5
924;Eriz;38.3
925;Fahrni;40
927;Heiligenschwendi;43.8
928;Heimberg;45.2
929;Hilterfingen;37.9
93;Oberweningen;38.5
931;Homberg;37.8
932;Horrenbach-Buchen;33.9
934;Oberhofen am Thunersee;37.1
935;Oberlangenegg;25.mars
936;Pohlern;47.8
938;Sigriswil;41.3
939;Steffisburg;43.4
94;Otelfingen;32.4
940;Teuffenthal (BE);34.7
941;Thierachern;44.5
942;Thun;48.1
943;Uebeschi;33.3
944;Uetendorf;42.8
945;Unterlangenegg;38.7
946;Wachseldorn;36.4
948;Forst-Längenbühl;35.9
95;Regensberg;36.9
951;Affoltern im Emmental;31.9
952;Dürrenroth;30.août
953;Eriswil;37.8
954;Huttwil;38.5
955;Lützelflüh;42
956;Rüegsau;35.5
957;Sumiswald;39.3
958;Trachselwald;38.2
959;Walterswil (BE);29.juil
96;Regensdorf;38.5
960;Wyssachen;39
97;Rümlang;39.7
971;Attiswil;36.9
972;Berken;13.juin
973;Bettenhausen;38.7
975;Farnern;53.3
976;Graben;48.2
977;Heimenhausen;41.9
979;Herzogenbuchsee;39.8
98;Schleinikon;39
980;Inkwil;42.5
981;Niederbipp;40.2
982;Niederönz;42.3
983;Oberbipp;40.2
985;Ochlenberg;30.mai
987;Rumisberg;28.juin
988;Seeberg;34.1
989;Thörigen;36.1
99;Schöfflisdorf;28.févr
990;Walliswil bei Niederbipp;44.7
991;Walliswil bei Wangen;45.8
992;Wangen an der Aare;36.9
995;Wiedlisbach;39.4
